-- MySQL dump 10.13  Distrib 8.0.34, for Win64 (x86_64)
--
-- Host: localhost    Database: vertera
-- ------------------------------------------------------
-- Server version	8.0.35

/*!40101 SET @OLD_CHARACTER_SET_CLIENT=@@CHARACTER_SET_CLIENT */;
/*!40101 SET @OLD_CHARACTER_SET_RESULTS=@@CHARACTER_SET_RESULTS */;
/*!40101 SET @OLD_COLLATION_CONNECTION=@@COLLATION_CONNECTION */;
/*!50503 SET NAMES utf8 */;
/*!40103 SET @OLD_TIME_ZONE=@@TIME_ZONE */;
/*!40103 SET TIME_ZONE='+00:00' */;
/*!40014 SET @OLD_UNIQUE_CHECKS=@@UNIQUE_CHECKS, UNIQUE_CHECKS=0 */;
/*!40014 SET @OLD_FOREIGN_KEY_CHECKS=@@FOREIGN_KEY_CHECKS, FOREIGN_KEY_CHECKS=0 */;
/*!40101 SET @OLD_SQL_MODE=@@SQL_MODE, SQL_MODE='NO_AUTO_VALUE_ON_ZERO' */;
/*!40111 SET @OLD_SQL_NOTES=@@SQL_NOTES, SQL_NOTES=0 */;

--
-- Table structure for table `attachments`
--

DROP TABLE IF EXISTS `attachments`;
/*!40101 SET @saved_cs_client     = @@character_set_client */;
/*!50503 SET character_set_client = utf8mb4 */;
CREATE TABLE `attachments` (
  `id` int NOT NULL AUTO_INCREMENT,
  `messageId` int NOT NULL,
  `path` varchar(255) NOT NULL,
  PRIMARY KEY (`id`),
  KEY `AttachToMsgFK_idx` (`messageId`),
  CONSTRAINT `AttachToMsgFK` FOREIGN KEY (`messageId`) REFERENCES `messages` (`id`) ON DELETE CASCADE
) ENGINE=InnoDB AUTO_INCREMENT=73 DEFAULT CHARSET=utf8mb4 COLLATE=utf8mb4_0900_ai_ci;
/*!40101 SET character_set_client = @saved_cs_client */;

--
-- Dumping data for table `attachments`
--

LOCK TABLES `attachments` WRITE;
/*!40000 ALTER TABLE `attachments` DISABLE KEYS */;
INSERT INTO `attachments` VALUES (1,1,'/files/1/a9348906971dfbcf2835f44359476277.png'),(2,6,'/files/3/67acaccb9df2de102d68196b4a0eef9c.jpg');
/*!40000 ALTER TABLE `attachments` ENABLE KEYS */;
UNLOCK TABLES;

--
-- Table structure for table `clients`
--

DROP TABLE IF EXISTS `clients`;
/*!40101 SET @saved_cs_client     = @@character_set_client */;
/*!50503 SET character_set_client = utf8mb4 */;
CREATE TABLE `clients` (
  `id` int NOT NULL,
  `email` varchar(255) NOT NULL,
  PRIMARY KEY (`id`),
  CONSTRAINT `ClientToUserFK` FOREIGN KEY (`id`) REFERENCES `users` (`id`) ON DELETE CASCADE
) ENGINE=InnoDB DEFAULT CHARSET=utf8mb4 COLLATE=utf8mb4_0900_ai_ci;
/*!40101 SET character_set_client = @saved_cs_client */;

--
-- Dumping data for table `clients`
--

LOCK TABLES `clients` WRITE;
/*!40000 ALTER TABLE `clients` DISABLE KEYS */;
INSERT INTO `clients` VALUES (1,'sanya@beats.ru'),(4,'kostya@beats.ru'),(46,'test@mail.ru');
/*!40000 ALTER TABLE `clients` ENABLE KEYS */;
UNLOCK TABLES;

--
-- Table structure for table `countries`
--

DROP TABLE IF EXISTS `countries`;
/*!40101 SET @saved_cs_client     = @@character_set_client */;
/*!50503 SET character_set_client = utf8mb4 */;
CREATE TABLE `countries` (
  `id` int NOT NULL AUTO_INCREMENT,
  `nameCode` varchar(512) NOT NULL,
  PRIMARY KEY (`id`),
  KEY `CountryToTranslationFK_idx` (`nameCode`),
  CONSTRAINT `CountryToTranslationFK` FOREIGN KEY (`nameCode`) REFERENCES `translations` (`code`) ON UPDATE CASCADE
) ENGINE=InnoDB AUTO_INCREMENT=6 DEFAULT CHARSET=utf8mb4 COLLATE=utf8mb4_0900_ai_ci;
/*!40101 SET character_set_client = @saved_cs_client */;

--
-- Dumping data for table `countries`
--

LOCK TABLES `countries` WRITE;
/*!40000 ALTER TABLE `countries` DISABLE KEYS */;
INSERT INTO `countries` VALUES (1,'COUNTRY_1ED1C408A4AC822B728A2077A1D9935C'),(5,'COUNTRY_6646A19C1346A88DD9F0CA6964184BAE'),(2,'COUNTRY_A80F2FE8DAB857900282F9FB30913159'),(3,'COUNTRY_B0FE45C67757497FA72CF9D608DABAF5'),(4,'COUNTRY_D0950F2EEB9A7C307C309DD78A5BD304');
/*!40000 ALTER TABLE `countries` ENABLE KEYS */;
UNLOCK TABLES;

--
-- Table structure for table `departments`
--

DROP TABLE IF EXISTS `departments`;
/*!40101 SET @saved_cs_client     = @@character_set_client */;
/*!50503 SET character_set_client = utf8mb4 */;
CREATE TABLE `departments` (
  `id` int NOT NULL AUTO_INCREMENT,
  `nameCode` varchar(512) NOT NULL,
  `individual` tinyint NOT NULL,
  PRIMARY KEY (`id`),
  UNIQUE KEY `name_UNIQUE` (`nameCode`),
  CONSTRAINT `DepartmentToTranslationFK` FOREIGN KEY (`nameCode`) REFERENCES `translations` (`code`) ON UPDATE CASCADE
) ENGINE=InnoDB AUTO_INCREMENT=7 DEFAULT CHARSET=utf8mb4 COLLATE=utf8mb4_0900_ai_ci;
/*!40101 SET character_set_client = @saved_cs_client */;

--
-- Dumping data for table `departments`
--

LOCK TABLES `departments` WRITE;
/*!40000 ALTER TABLE `departments` DISABLE KEYS */;
INSERT INTO `departments` VALUES (1,'DEPARTMENT_7B5B98D81AE274A4C7B47BA4F517C9DA',0),(2,'DEPARTMENT_E377DD438162B6955031C5D5EB2EDC93',0),(3,'DEPARTMENT_2A7E288EFBE8C0684FA1598B1FBA5E80',0),(4,'DEPARTMENT_F71EA48A674C8D17806F30E2DC124D3E',0),(5,'DEPARTMENT_1F7384698BA554639E9CA716935FE59C',1);
/*!40000 ALTER TABLE `departments` ENABLE KEYS */;
UNLOCK TABLES;

--
-- Table structure for table `helper_departments`
--

DROP TABLE IF EXISTS `helper_departments`;
/*!40101 SET @saved_cs_client     = @@character_set_client */;
/*!50503 SET character_set_client = utf8mb4 */;
CREATE TABLE `helper_departments` (
  `id` int NOT NULL AUTO_INCREMENT,
  `helperId` int NOT NULL,
  `departmentId` int NOT NULL,
  PRIMARY KEY (`id`),
  KEY `DepartmentToHelperFK_idx` (`helperId`),
  KEY `HelperToDepartmentFK_idx` (`departmentId`),
  CONSTRAINT `DepartmentToHelperFK` FOREIGN KEY (`helperId`) REFERENCES `helpers` (`id`) ON DELETE CASCADE,
  CONSTRAINT `HelperToDepartmentFK` FOREIGN KEY (`departmentId`) REFERENCES `departments` (`id`) ON DELETE CASCADE
) ENGINE=InnoDB AUTO_INCREMENT=13 DEFAULT CHARSET=utf8mb4 COLLATE=utf8mb4_0900_ai_ci;
/*!40101 SET character_set_client = @saved_cs_client */;

--
-- Dumping data for table `helper_departments`
--

LOCK TABLES `helper_departments` WRITE;
/*!40000 ALTER TABLE `helper_departments` DISABLE KEYS */;
INSERT INTO `helper_departments` VALUES (1,2,3),(2,3,1),(3,3,2),(4,3,3),(5,5,5),(6,5,4);
/*!40000 ALTER TABLE `helper_departments` ENABLE KEYS */;
UNLOCK TABLES;

--
-- Table structure for table `helper_job_titles`
--

DROP TABLE IF EXISTS `helper_job_titles`;
/*!40101 SET @saved_cs_client     = @@character_set_client */;
/*!50503 SET character_set_client = utf8mb4 */;
CREATE TABLE `helper_job_titles` (
  `id` int NOT NULL AUTO_INCREMENT,
  `nameCode` varchar(512) NOT NULL,
  PRIMARY KEY (`id`),
  KEY `JobTitleToTranslationFK_idx` (`nameCode`),
  CONSTRAINT `JobTitleToTranslationFK` FOREIGN KEY (`nameCode`) REFERENCES `translations` (`code`) ON UPDATE CASCADE
) ENGINE=InnoDB AUTO_INCREMENT=6 DEFAULT CHARSET=utf8mb4 COLLATE=utf8mb4_0900_ai_ci;
/*!40101 SET character_set_client = @saved_cs_client */;

--
-- Dumping data for table `helper_job_titles`
--

LOCK TABLES `helper_job_titles` WRITE;
/*!40000 ALTER TABLE `helper_job_titles` DISABLE KEYS */;
INSERT INTO `helper_job_titles` VALUES (1,'JOBTITLE_2B93BB9159954153F8BD5BA145109EB1'),(2,'JOBTITLE_E13FAE7325DE1BC11F23B89CF01ECB48'),(3,'JOBTITLE_F1C7B1095C02C4E49DAC8C29CBA40F51');
/*!40000 ALTER TABLE `helper_job_titles` ENABLE KEYS */;
UNLOCK TABLES;

--
-- Table structure for table `helpers`
--

DROP TABLE IF EXISTS `helpers`;
/*!40101 SET @saved_cs_client     = @@character_set_client */;
/*!50503 SET character_set_client = utf8mb4 */;
CREATE TABLE `helpers` (
  `id` int NOT NULL,
  `jobTitleId` int NOT NULL,
  `startWorkDate` date DEFAULT NULL,
  `birthday` date DEFAULT NULL,
  PRIMARY KEY (`id`),
  CONSTRAINT `HelperToUserFK` FOREIGN KEY (`id`) REFERENCES `users` (`id`) ON DELETE CASCADE
) ENGINE=InnoDB DEFAULT CHARSET=utf8mb4 COLLATE=utf8mb4_0900_ai_ci;
/*!40101 SET character_set_client = @saved_cs_client */;

--
-- Dumping data for table `helpers`
--

LOCK TABLES `helpers` WRITE;
/*!40000 ALTER TABLE `helpers` DISABLE KEYS */;
INSERT INTO `helpers` VALUES (0,1,'2023-09-17','2023-09-17'),(2,2,'2023-11-06','2001-12-23'),(3,3,'2023-10-01','2003-09-01'),(5,2,'2023-09-17','2023-01-23');
/*!40000 ALTER TABLE `helpers` ENABLE KEYS */;
UNLOCK TABLES;

--
-- Table structure for table `messages`
--

DROP TABLE IF EXISTS `messages`;
/*!40101 SET @saved_cs_client     = @@character_set_client */;
/*!50503 SET character_set_client = utf8mb4 */;
CREATE TABLE `messages` (
  `id` int NOT NULL AUTO_INCREMENT,
  `senderId` int NOT NULL,
  `recieverId` int NOT NULL,
  `ticketId` int NOT NULL,
  `type` varchar(255) NOT NULL,
  `readed` tinyint(1) NOT NULL,
  `text` text NOT NULL,
  `date` datetime NOT NULL,
  PRIMARY KEY (`id`),
  KEY `MsgToTicketFK_idx` (`ticketId`),
  CONSTRAINT `MsgToTicketFK` FOREIGN KEY (`ticketId`) REFERENCES `tickets` (`id`) ON DELETE CASCADE
) ENGINE=InnoDB AUTO_INCREMENT=65 DEFAULT CHARSET=utf8mb4 COLLATE=utf8mb4_0900_ai_ci;
/*!40101 SET character_set_client = @saved_cs_client */;

--
-- Dumping data for table `messages`
--

LOCK TABLES `messages` WRITE;
/*!40000 ALTER TABLE `messages` DISABLE KEYS */;
INSERT INTO `messages` VALUES (1,1,2,1,'message',1,'lorem','2021-10-20 23:00:00'),(2,2,1,1,'message',1,'ipsum','2021-10-20 23:05:00'),(3,4,3,2,'message',1,'ogre','2023-11-20 23:02:00'),(4,3,4,2,'message',1,'mage','2023-11-20 23:06:00'),(5,4,3,2,'message',0,'best','2023-11-20 23:09:00'),(6,1,3,3,'message',0,'best','2023-11-20 23:19:00'),(7,0,1,1,'reacton',1,'Оцените ответ','2021-10-20 23:07:00'),(8,0,4,2,'helperChange',1,'Вашим вопросом занимается Алексей','2023-11-20 23:19:00');
/*!40000 ALTER TABLE `messages` ENABLE KEYS */;
UNLOCK TABLES;

--
-- Table structure for table `subthemes`
--

DROP TABLE IF EXISTS `subthemes`;
/*!40101 SET @saved_cs_client     = @@character_set_client */;
/*!50503 SET character_set_client = utf8mb4 */;
CREATE TABLE `subthemes` (
  `id` int NOT NULL AUTO_INCREMENT,
  `nameCode` varchar(512) NOT NULL DEFAULT 'none',
  `themeId` int NOT NULL,
  PRIMARY KEY (`id`),
  KEY `SubThemeToThemeFK_idx` (`themeId`),
  KEY `SubThemeToTranslationFK_idx` (`nameCode`),
  CONSTRAINT `SubThemeToThemeFK` FOREIGN KEY (`themeId`) REFERENCES `subthemes` (`id`) ON DELETE CASCADE,
  CONSTRAINT `SubThemeToTranslationFK` FOREIGN KEY (`nameCode`) REFERENCES `translations` (`code`) ON UPDATE CASCADE
) ENGINE=InnoDB AUTO_INCREMENT=104 DEFAULT CHARSET=utf8mb4 COLLATE=utf8mb4_0900_ai_ci;
/*!40101 SET character_set_client = @saved_cs_client */;

--
-- Dumping data for table `subthemes`
--

LOCK TABLES `subthemes` WRITE;
/*!40000 ALTER TABLE `subthemes` DISABLE KEYS */;
INSERT INTO `subthemes` VALUES (1,'SUBTHEME_1_5D248249DCF622C32CD1F1FB74B67859',1),(2,'SUBTHEME_2_99072798AA948960C71A5678CB2798EB',1),(3,'SUBTHEME_3_735F6DDA96B9354D9242FAC32F568528',1),(4,'SUBTHEME_4_B7FC6B62DD6DF8A010B95D5A9CF3EC8D',1),(5,'SUBTHEME_5_2244A01570A8259B14029ABB8CF3FAB8',1),(6,'SUBTHEME_6_F8BC8B62D5DADE7DA066F2DD07765EE8',1),(7,'SUBTHEME_7_07B4EDA8D932575E7F7E56CB3434620D',1),(8,'SUBTHEME_8_71C4C0B7F64ABD81FA9FDB4FD06FD801',2),(9,'SUBTHEME_9_893AB0350B7EFCF8D0086A9B434D15DF',2),(10,'SUBTHEME_10_F8BC8B62D5DADE7DA066F2DD07765EE8',2),(11,'SUBTHEME_11_07B4EDA8D932575E7F7E56CB3434620D',2),(12,'SUBTHEME_12_14665E62356B65640CD5F3E7F18439D9',3),(13,'SUBTHEME_13_6C959CE6B4D77D3AFE552EEC98395DFB',3),(14,'SUBTHEME_14_B3822759056FCBF5516F3221333C0DD9',3),(15,'SUBTHEME_15_EACA958465C1D739E65D468C628194F4',3),(16,'SUBTHEME_16_8E8B946CCBCD792C990DE86F1A572E30',3),(17,'SUBTHEME_17_D4A7D8638C4566E9B1F0DFB5A3790D0B',3),(18,'SUBTHEME_18_58B64F5A00A4C12B66AF93BAE502EA3E',3),(19,'SUBTHEME_19_F8BC8B62D5DADE7DA066F2DD07765EE8',3),(20,'SUBTHEME_20_07B4EDA8D932575E7F7E56CB3434620D',3),(21,'SUBTHEME_21_6F0BA0DB35FF7366571A83E4C4DA27FA',4),(22,'SUBTHEME_22_965AC1AA310E776925A73B6DA322B611',4),(23,'SUBTHEME_23_07B4EDA8D932575E7F7E56CB3434620D',4),(24,'SUBTHEME_24_F8BC8B62D5DADE7DA066F2DD07765EE8',4),(25,'SUBTHEME_25_EB91DDE247974F6A6F78818C95205BEA',5),(26,'SUBTHEME_26_F530F37146D54CE4D9DF990C24D440A5',5),(27,'SUBTHEME_27_207783C3D5510BD80B1FDA69D713D8AA',5),(28,'SUBTHEME_28_F8BC8B62D5DADE7DA066F2DD07765EE8',5),(29,'SUBTHEME_29_07B4EDA8D932575E7F7E56CB3434620D',5),(30,'SUBTHEME_30_DE647995FB7618AFA3925034A466E8AB',6),(31,'SUBTHEME_31_C8D82FD87304F4DA9E8FFB7B70E33B1C',6),(32,'SUBTHEME_32_096E3800EE536494DDA77E1BC7D4DC81',6),(33,'SUBTHEME_33_BC32634447787651880547104D2004A6',6),(34,'SUBTHEME_34_A7CDFDAA5821F0385C99B057D2BC63D2',6),(35,'SUBTHEME_35_F8BC8B62D5DADE7DA066F2DD07765EE8',6),(36,'SUBTHEME_36_07B4EDA8D932575E7F7E56CB3434620D',6),(37,'SUBTHEME_37_1325D1B686DFAF576867CFF008DB08B0',7),(38,'SUBTHEME_38_6B01C9B529377DEE61CF73E0DC9D870D',7),(39,'SUBTHEME_39_BED80D7D37C54707B84246948B0D3049',7),(40,'SUBTHEME_40_736EA914804FBAD0F8BF1A41FEA0676C',7),(41,'SUBTHEME_41_1EE5A50BA10653B3B6CC153149B69C6D',7),(42,'SUBTHEME_42_C8D82FD87304F4DA9E8FFB7B70E33B1C',7),(43,'SUBTHEME_43_F8BC8B62D5DADE7DA066F2DD07765EE8',7),(44,'SUBTHEME_44_07B4EDA8D932575E7F7E56CB3434620D',7),(45,'SUBTHEME_45_0576E38F80867749A5328CE1FB1A66E1',8),(46,'SUBTHEME_46_3A528719D6F91CAE8A0FD4FEC876D370',8),(47,'SUBTHEME_47_2244A01570A8259B14029ABB8CF3FAB8',8),(48,'SUBTHEME_48_E40B9CE837AC1199FA595129633054D9',8),(49,'SUBTHEME_49_F8BC8B62D5DADE7DA066F2DD07765EE8',8),(50,'SUBTHEME_50_07B4EDA8D932575E7F7E56CB3434620D',8),(51,'SUBTHEME_51_B6735860A3B3EDA5F923D64876795811',9),(52,'SUBTHEME_52_54831E182D65C47FAA49EEE0A8D25A22',9),(53,'SUBTHEME_53_F8BC8B62D5DADE7DA066F2DD07765EE8',9),(54,'SUBTHEME_54_07B4EDA8D932575E7F7E56CB3434620D',9),(55,'SUBTHEME_55_7E9E2D93DFFD56C475BB25E7BB598CBB',10),(56,'SUBTHEME_56_E2513AFDE4A9981AAA7890B3A1457E9C',10),(57,'SUBTHEME_57_EAA990AA1B2629923DB23E315BDE0C99',10),(58,'SUBTHEME_58_F8BC8B62D5DADE7DA066F2DD07765EE8',10),(59,'SUBTHEME_59_07B4EDA8D932575E7F7E56CB3434620D',10),(60,'SUBTHEME_60_A6810FEA76284D6494EA422DFAE97CC8',11),(61,'SUBTHEME_61_FBB52AD80FD97B517F79C5B946EC5E31',11),(62,'SUBTHEME_62_F8BC8B62D5DADE7DA066F2DD07765EE8',11),(63,'SUBTHEME_63_07B4EDA8D932575E7F7E56CB3434620D',11),(64,'SUBTHEME_64_3C61D1470B492FFCECEBE2CF8E6C948F',12),(65,'SUBTHEME_65_199A56FEF8C7D70D578FAA242FFA6AA1',12),(66,'SUBTHEME_66_050694496D719EBAD44300F5683D3941',12),(67,'SUBTHEME_67_B6962C18214394E4BEDD2DC81BA0081E',12),(68,'SUBTHEME_68_07B4EDA8D932575E7F7E56CB3434620D',12),(69,'SUBTHEME_69_F8BC8B62D5DADE7DA066F2DD07765EE8',12),(70,'SUBTHEME_70_B9BFE426FDDEAE2ECDEDAC232B427FC2',13),(71,'SUBTHEME_71_07B4EDA8D932575E7F7E56CB3434620D',13),(72,'SUBTHEME_72_F8BC8B62D5DADE7DA066F2DD07765EE8',13),(73,'SUBTHEME_73_334C4A4C42FDB79D7EBC3E73B517E6F8',14),(74,'SUBTHEME_74_334C4A4C42FDB79D7EBC3E73B517E6F8',15),(75,'SUBTHEME_75_334C4A4C42FDB79D7EBC3E73B517E6F8',16),(76,'SUBTHEME_76_B440CFFCDD2243DDF21B4DA9226B3C2D',17),(77,'SUBTHEME_77_3944474FAB8B17E72C97D2150D2346EA',17),(78,'SUBTHEME_78_207783C3D5510BD80B1FDA69D713D8AA',17),(79,'SUBTHEME_79_EB91DDE247974F6A6F78818C95205BEA',17),(80,'SUBTHEME_80_F8BC8B62D5DADE7DA066F2DD07765EE8',17),(81,'SUBTHEME_81_07B4EDA8D932575E7F7E56CB3434620D',17),(82,'SUBTHEME_82_A5F9CE59BA2E586277E3645E190D713A',18),(83,'SUBTHEME_83_729FB5D9F26E87A96E99BE17D41B04B7',18),(84,'SUBTHEME_84_E3A3C202479F1D3D7EDF62A802DCAAC5',18),(85,'SUBTHEME_85_EA254D3FB68C7987A204CED262F33B88',18),(86,'SUBTHEME_86_07B4EDA8D932575E7F7E56CB3434620D',18),(87,'SUBTHEME_87_F8BC8B62D5DADE7DA066F2DD07765EE8',18),(88,'SUBTHEME_88_BCB9C662ED6C0C65D1ADC3B7794054A6',19),(89,'SUBTHEME_89_3E55D53DAB70553CAAF97C23F12ADC06',19),(90,'SUBTHEME_90_F8BC8B62D5DADE7DA066F2DD07765EE8',19),(91,'SUBTHEME_91_07B4EDA8D932575E7F7E56CB3434620D',19),(92,'SUBTHEME_92_1FC40A56677DDEE106F3DAA3F6E603C4',20),(93,'SUBTHEME_93_174F77C419886A40E05EB447611B8DAC',20),(94,'SUBTHEME_94_F8BC8B62D5DADE7DA066F2DD07765EE8',20),(95,'SUBTHEME_95_54F1D2E108438841C2141DBC163A607A',20),(96,'SUBTHEME_96_F6A0B2344B548F730AE64268BCED3E21',20),(97,'SUBTHEME_97_E973CF1629F2C446657E8A7931A246AC',21),(98,'SUBTHEME_98_75768C49C24662CC4465237B0731E1CE',21),(99,'SUBTHEME_99_ABDBFF2BC10EACE1E5220594825D7D39',21),(100,'SUBTHEME_100_F8BC8B62D5DADE7DA066F2DD07765EE8',21),(101,'SUBTHEME_101_07B4EDA8D932575E7F7E56CB3434620D',21),(102,'SUBTHEME_102_334C4A4C42FDB79D7EBC3E73B517E6F8',22),(103,'SUBTHEME_103_334C4A4C42FDB79D7EBC3E73B517E6F8',23);
/*!40000 ALTER TABLE `subthemes` ENABLE KEYS */;
UNLOCK TABLES;

--
-- Table structure for table `theme_departments`
--

DROP TABLE IF EXISTS `theme_departments`;
/*!40101 SET @saved_cs_client     = @@character_set_client */;
/*!50503 SET character_set_client = utf8mb4 */;
CREATE TABLE `theme_departments` (
  `id` int NOT NULL AUTO_INCREMENT,
  `subThemeId` int NOT NULL,
  `departmentId` int NOT NULL,
  PRIMARY KEY (`id`),
  KEY `DepartmentToThemeFK_idx` (`subThemeId`),
  KEY `ThemeToDepartmentFK_idx` (`departmentId`),
  CONSTRAINT `DepartmentToThemeFK` FOREIGN KEY (`subThemeId`) REFERENCES `subthemes` (`id`) ON DELETE CASCADE,
  CONSTRAINT `ThemeToDepartmentFK` FOREIGN KEY (`departmentId`) REFERENCES `departments` (`id`) ON DELETE CASCADE
) ENGINE=InnoDB AUTO_INCREMENT=123 DEFAULT CHARSET=utf8mb4 COLLATE=utf8mb4_0900_ai_ci;
/*!40101 SET character_set_client = @saved_cs_client */;

--
-- Dumping data for table `theme_departments`
--

LOCK TABLES `theme_departments` WRITE;
/*!40000 ALTER TABLE `theme_departments` DISABLE KEYS */;
INSERT INTO `theme_departments` VALUES (1,1,4),(2,2,4),(3,3,4),(4,4,4),(5,5,2),(6,6,4),(7,7,4),(8,8,4),(9,9,4),(10,10,4),(11,11,4),(12,12,2),(13,13,2),(14,14,2),(15,15,2),(16,16,2),(17,17,2),(18,18,2),(19,19,2),(20,20,2),(21,21,2),(22,22,2),(23,23,2),(24,24,2),(25,25,2),(26,26,3),(27,27,2),(28,28,2),(29,29,2),(30,30,1),(31,30,2),(32,30,3),(33,31,1),(34,31,2),(35,31,3),(36,32,1),(37,32,2),(38,32,3),(39,33,1),(40,33,2),(41,33,3),(42,34,1),(43,34,2),(44,34,3),(45,35,1),(46,35,2),(47,35,3),(48,36,1),(49,36,2),(50,36,3),(51,37,2),(52,38,2),(53,39,2),(54,40,2),(55,41,1),(56,41,2),(57,41,3),(58,42,1),(59,42,2),(60,42,3),(61,43,2),(62,44,2),(63,45,2),(64,46,2),(65,47,2),(66,48,2),(67,49,2),(68,50,2),(69,51,2),(70,52,2),(71,53,2),(72,54,2),(73,55,2),(74,56,2),(75,57,2),(76,58,2),(77,59,2),(78,60,2),(79,61,2),(80,62,2),(81,63,2),(82,64,2),(83,65,3),(84,66,5),(85,67,2),(86,68,2),(87,69,2),(88,70,2),(89,71,2),(90,72,2),(91,73,2),(92,74,3),(93,75,3),(94,76,3),(95,77,3),(96,78,3),(97,79,2),(98,80,2),(99,81,2),(100,82,3),(101,83,3),(102,84,3),(103,85,3),(104,86,3),(105,87,3),(106,88,1),(107,89,1),(108,90,1),(109,91,1),(110,92,3),(111,92,2),(112,93,3),(113,94,3),(114,95,3),(115,96,3),(116,97,3),(117,98,3),(118,99,3),(119,100,3),(120,101,3),(121,102,3),(122,103,3);
/*!40000 ALTER TABLE `theme_departments` ENABLE KEYS */;
UNLOCK TABLES;

--
-- Table structure for table `themes`
--

DROP TABLE IF EXISTS `themes`;
/*!40101 SET @saved_cs_client     = @@character_set_client */;
/*!50503 SET character_set_client = utf8mb4 */;
CREATE TABLE `themes` (
  `id` int NOT NULL AUTO_INCREMENT,
  `nameCode` varchar(512) NOT NULL,
  `unitId` int NOT NULL,
  PRIMARY KEY (`id`),
  KEY `ThemeToUnitFK_idx` (`unitId`),
  KEY `ThemeToTranslationFK_idx` (`nameCode`),
  CONSTRAINT `ThemeToTranslationFK` FOREIGN KEY (`nameCode`) REFERENCES `translations` (`code`) ON UPDATE CASCADE,
  CONSTRAINT `ThemeToUnitFK` FOREIGN KEY (`unitId`) REFERENCES `units` (`id`) ON DELETE CASCADE
) ENGINE=InnoDB AUTO_INCREMENT=24 DEFAULT CHARSET=utf8mb4 COLLATE=utf8mb4_0900_ai_ci;
/*!40101 SET character_set_client = @saved_cs_client */;

--
-- Dumping data for table `themes`
--

LOCK TABLES `themes` WRITE;
/*!40000 ALTER TABLE `themes` DISABLE KEYS */;
INSERT INTO `themes` VALUES (1,'THEME_1_1BDF82291F0177E17B4FB494030DA367',1),(2,'THEME_2_A18DC92E288BA79E2640604DEAF73C17',1),(3,'THEME_3_BE8570CC6D6814EEBC087695B7B27C31',1),(4,'THEME_4_1136F5FD31A4F02D44C34C01906D43E1',1),(5,'THEME_5_30509FBA7ED932EC8DF0831CDC55E838',1),(6,'THEME_6_3A8B47DA8C380B287B267BAB624B3746',1),(7,'THEME_7_D31DC9D0FA957A1445E06568EE977CFE',1),(8,'THEME_8_24B1C2E46A81E8BA2DBEC4F3BDC39153',1),(9,'THEME_9_566B72E8396CD3E021A36461D94AFEC9',1),(10,'THEME_10_7817FD57C7102865F289C10816495C17',1),(11,'THEME_11_214F40BE9F508CA344A8AA5A112851B9',1),(12,'THEME_12_5C0A30603013CA9F0A9AA13264D84DD7',1),(13,'THEME_13_F3A1D077FB6FF7D91C31655A72C234EC',1),(14,'THEME_14_A503A8D226AC3E22794FF6E6C4A2D2D6',1),(15,'THEME_15_199A56FEF8C7D70D578FAA242FFA6AA1',2),(16,'THEME_16_0FC3A213F8108339321E72D3CF87F906',2),(17,'THEME_17_D9C36C061163728C9243AA92B4922413',2),(18,'THEME_18_61586B5D676A39E643DD9479E22FD553',2),(19,'THEME_19_CE6E02DE5F36779E3A42BD0E5B85E9D5',2),(20,'THEME_20_6871101C35D0AB95327747E0AE5CEA9B',2),(21,'THEME_21_F87781F8C268C152F4E8E22F2CECAEBD',2),(22,'THEME_22_FAA3A647F27CFC97B701C8656524832C',2),(23,'THEME_23_A503A8D226AC3E22794FF6E6C4A2D2D6',2);
/*!40000 ALTER TABLE `themes` ENABLE KEYS */;
UNLOCK TABLES;

--
-- Table structure for table `ticket_statuses`
--

DROP TABLE IF EXISTS `ticket_statuses`;
/*!40101 SET @saved_cs_client     = @@character_set_client */;
/*!50503 SET character_set_client = utf8mb4 */;
CREATE TABLE `ticket_statuses` (
  `id` int NOT NULL AUTO_INCREMENT,
  `nameCode` varchar(512) NOT NULL,
  PRIMARY KEY (`id`),
  KEY `TicketStatusToTranslationFK_idx` (`nameCode`),
  CONSTRAINT `TicketStatusToTranslationFK` FOREIGN KEY (`nameCode`) REFERENCES `translations` (`code`) ON UPDATE CASCADE
) ENGINE=InnoDB AUTO_INCREMENT=4 DEFAULT CHARSET=utf8mb4 COLLATE=utf8mb4_0900_ai_ci;
/*!40101 SET character_set_client = @saved_cs_client */;

--
-- Dumping data for table `ticket_statuses`
--

LOCK TABLES `ticket_statuses` WRITE;
/*!40000 ALTER TABLE `ticket_statuses` DISABLE KEYS */;
INSERT INTO `ticket_statuses` VALUES (2,'TICKETSTATUS_3DA1D7EB00E7B3841E6DFA5A81087943'),(3,'TICKETSTATUS_848A83B00A92E5664B4AF49D35661A50'),(1,'TICKETSTATUS_97AE6E0BCA16B37DBDC5E324D0ECAF60');
/*!40000 ALTER TABLE `ticket_statuses` ENABLE KEYS */;
UNLOCK TABLES;

--
-- Table structure for table `tickets`
--

DROP TABLE IF EXISTS `tickets`;
/*!40101 SET @saved_cs_client     = @@character_set_client */;
/*!50503 SET character_set_client = utf8mb4 */;
CREATE TABLE `tickets` (
  `id` int NOT NULL AUTO_INCREMENT,
  `clientId` int NOT NULL,
  `helperId` int NOT NULL,
  `date` datetime NOT NULL,
  `unitId` int NOT NULL,
  `themeId` int NOT NULL,
  `subThemeId` int NOT NULL,
  `statusId` int NOT NULL,
  `reaction` varchar(255) DEFAULT NULL,
  PRIMARY KEY (`id`)
) ENGINE=InnoDB AUTO_INCREMENT=16 DEFAULT CHARSET=utf8mb4 COLLATE=utf8mb4_0900_ai_ci;
/*!40101 SET character_set_client = @saved_cs_client */;

--
-- Dumping data for table `tickets`
--

LOCK TABLES `tickets` WRITE;
/*!40000 ALTER TABLE `tickets` DISABLE KEYS */;
INSERT INTO `tickets` VALUES (1,1,2,'2021-10-20 00:00:00',1,1,2,2,'like'),(2,4,3,'2023-11-20 00:00:00',1,14,73,2,'dislike'),(3,1,3,'2023-11-20 00:00:00',2,20,92,1,NULL),(11,1,2,'2023-11-19 01:17:49',1,6,31,1,NULL),(12,1,3,'2023-11-19 01:18:19',1,6,31,1,NULL),(13,1,2,'2023-11-19 01:18:25',1,6,31,1,NULL),(14,1,2,'2023-11-19 02:19:35',1,6,31,1,NULL),(15,1,3,'2023-11-20 20:30:56',1,6,31,1,NULL);
/*!40000 ALTER TABLE `tickets` ENABLE KEYS */;
UNLOCK TABLES;

--
-- Table structure for table `translations`
--

DROP TABLE IF EXISTS `translations`;
/*!40101 SET @saved_cs_client     = @@character_set_client */;
/*!50503 SET character_set_client = utf8mb4 */;
CREATE TABLE `translations` (
  `id` int NOT NULL AUTO_INCREMENT,
  `type` varchar(45) NOT NULL,
  `code` varchar(512) NOT NULL,
  `ru` varchar(512) NOT NULL,
  `en` varchar(512) DEFAULT NULL,
  PRIMARY KEY (`id`),
  UNIQUE KEY `code_UNIQUE` (`code`),
  UNIQUE KEY `en_UNIQUE` (`en`)
) ENGINE=InnoDB AUTO_INCREMENT=718 DEFAULT CHARSET=utf8mb4 COLLATE=utf8mb4_0900_ai_ci;
/*!40101 SET character_set_client = @saved_cs_client */;

--
-- Dumping data for table `translations`
--

LOCK TABLES `translations` WRITE;
/*!40000 ALTER TABLE `translations` DISABLE KEYS */;
INSERT INTO `translations` VALUES (556,'ticketStatus','TICKETSTATUS_97AE6E0BCA16B37DBDC5E324D0ECAF60','Новый',NULL),(557,'ticketStatus','TICKETSTATUS_3DA1D7EB00E7B3841E6DFA5A81087943','Закрыт',NULL),(558,'ticketStatus','TICKETSTATUS_848A83B00A92E5664B4AF49D35661A50','В процессе',NULL),(559,'subTheme','SUBTHEME_1_5D248249DCF622C32CD1F1FB74B67859','Создание кошелька',NULL),(560,'subTheme','SUBTHEME_2_99072798AA948960C71A5678CB2798EB','Заявка на вывод токенов ',NULL),(561,'subTheme','SUBTHEME_3_735F6DDA96B9354D9242FAC32F568528','Пополнение личного кабинета',NULL),(562,'subTheme','SUBTHEME_4_B7FC6B62DD6DF8A010B95D5A9CF3EC8D','Оплата заказа токенами',NULL),(563,'subTheme','SUBTHEME_5_2244A01570A8259B14029ABB8CF3FAB8','Не пришли токены по акции',NULL),(564,'subTheme','SUBTHEME_6_F8BC8B62D5DADE7DA066F2DD07765EE8','Прочие вопросы',NULL),(565,'subTheme','SUBTHEME_7_07B4EDA8D932575E7F7E56CB3434620D','Пожелания и предложения',NULL),(566,'subTheme','SUBTHEME_8_71C4C0B7F64ABD81FA9FDB4FD06FD801','Заявка на вывод средств',NULL),(567,'subTheme','SUBTHEME_9_893AB0350B7EFCF8D0086A9B434D15DF','Приобретение invest пакета',NULL),(568,'subTheme','SUBTHEME_10_F8BC8B62D5DADE7DA066F2DD07765EE8','Прочие вопросы',NULL),(569,'subTheme','SUBTHEME_11_07B4EDA8D932575E7F7E56CB3434620D','Пожелания и предложения',NULL),(570,'subTheme','SUBTHEME_12_14665E62356B65640CD5F3E7F18439D9','Изменение данных профиля',NULL),(571,'subTheme','SUBTHEME_13_6C959CE6B4D77D3AFE552EEC98395DFB','Проблемы с доступом',NULL),(572,'subTheme','SUBTHEME_14_B3822759056FCBF5516F3221333C0DD9','Удаление личных данных',NULL),(573,'subTheme','SUBTHEME_15_EACA958465C1D739E65D468C628194F4','Переоформление/передача ID номера',NULL),(574,'subTheme','SUBTHEME_16_8E8B946CCBCD792C990DE86F1A572E30','Подтверждение контактных данных',NULL),(575,'subTheme','SUBTHEME_17_D4A7D8638C4566E9B1F0DFB5A3790D0B','Изменение доверенного ЦО',NULL),(576,'subTheme','SUBTHEME_18_58B64F5A00A4C12B66AF93BAE502EA3E','Подтверждение Партнерского соглашения',NULL),(577,'subTheme','SUBTHEME_19_F8BC8B62D5DADE7DA066F2DD07765EE8','Прочие вопросы',NULL),(578,'subTheme','SUBTHEME_20_07B4EDA8D932575E7F7E56CB3434620D','Пожелания и предложения',NULL),(579,'subTheme','SUBTHEME_21_6F0BA0DB35FF7366571A83E4C4DA27FA','Выплата бонусов',NULL),(580,'subTheme','SUBTHEME_22_965AC1AA310E776925A73B6DA322B611','Начисление бонусов',NULL),(581,'subTheme','SUBTHEME_23_07B4EDA8D932575E7F7E56CB3434620D','Пожелания и предложения',NULL),(582,'subTheme','SUBTHEME_24_F8BC8B62D5DADE7DA066F2DD07765EE8','Прочие вопросы',NULL),(583,'subTheme','SUBTHEME_25_EB91DDE247974F6A6F78818C95205BEA','Информация О Продукте',NULL),(584,'subTheme','SUBTHEME_26_F530F37146D54CE4D9DF990C24D440A5','Наличие Продукции',NULL),(585,'subTheme','SUBTHEME_27_207783C3D5510BD80B1FDA69D713D8AA','Контроль качества',NULL),(586,'subTheme','SUBTHEME_28_F8BC8B62D5DADE7DA066F2DD07765EE8','Прочие вопросы',NULL),(587,'subTheme','SUBTHEME_29_07B4EDA8D932575E7F7E56CB3434620D','Пожелания и предложения',NULL),(588,'subTheme','SUBTHEME_30_DE647995FB7618AFA3925034A466E8AB','Не верно указан адрес',NULL),(589,'subTheme','SUBTHEME_31_C8D82FD87304F4DA9E8FFB7B70E33B1C','Изменить получателя',NULL),(590,'subTheme','SUBTHEME_32_096E3800EE536494DDA77E1BC7D4DC81','Заказ не получен',NULL),(591,'subTheme','SUBTHEME_33_BC32634447787651880547104D2004A6','Заказ пришел не в том объёме',NULL),(592,'subTheme','SUBTHEME_34_A7CDFDAA5821F0385C99B057D2BC63D2','Товар пришёл поврежденным',NULL),(593,'subTheme','SUBTHEME_35_F8BC8B62D5DADE7DA066F2DD07765EE8','Прочие вопросы',NULL),(594,'subTheme','SUBTHEME_36_07B4EDA8D932575E7F7E56CB3434620D','Пожелания и предложения',NULL),(595,'subTheme','SUBTHEME_37_1325D1B686DFAF576867CFF008DB08B0','Не выбрал подарочный продукт',NULL),(596,'subTheme','SUBTHEME_38_6B01C9B529377DEE61CF73E0DC9D870D','Отмена заказа',NULL),(597,'subTheme','SUBTHEME_39_BED80D7D37C54707B84246948B0D3049','Списать бонусы в счёт оплаты заказа',NULL),(598,'subTheme','SUBTHEME_40_736EA914804FBAD0F8BF1A41FEA0676C','Не проходит оплата',NULL),(599,'subTheme','SUBTHEME_41_1EE5A50BA10653B3B6CC153149B69C6D','Не верно указал адрес',NULL),(600,'subTheme','SUBTHEME_42_C8D82FD87304F4DA9E8FFB7B70E33B1C','Изменить получателя',NULL),(601,'subTheme','SUBTHEME_43_F8BC8B62D5DADE7DA066F2DD07765EE8','Прочие вопросы',NULL),(602,'subTheme','SUBTHEME_44_07B4EDA8D932575E7F7E56CB3434620D','Пожелания и предложения',NULL),(603,'subTheme','SUBTHEME_45_0576E38F80867749A5328CE1FB1A66E1','Консультация по условиям Акции',NULL),(604,'subTheme','SUBTHEME_46_3A528719D6F91CAE8A0FD4FEC876D370','Не получил подарок по Акции',NULL),(605,'subTheme','SUBTHEME_47_2244A01570A8259B14029ABB8CF3FAB8','Не пришли токены по акции',NULL),(606,'subTheme','SUBTHEME_48_E40B9CE837AC1199FA595129633054D9','Путешествия',NULL),(607,'subTheme','SUBTHEME_49_F8BC8B62D5DADE7DA066F2DD07765EE8','Прочие вопросы',NULL),(608,'subTheme','SUBTHEME_50_07B4EDA8D932575E7F7E56CB3434620D','Пожелания и предложения',NULL),(609,'subTheme','SUBTHEME_51_B6735860A3B3EDA5F923D64876795811','Вопрос по квалификации',NULL),(610,'subTheme','SUBTHEME_52_54831E182D65C47FAA49EEE0A8D25A22','WR Club 200+',NULL),(611,'subTheme','SUBTHEME_53_F8BC8B62D5DADE7DA066F2DD07765EE8','Прочие вопросы',NULL),(612,'subTheme','SUBTHEME_54_07B4EDA8D932575E7F7E56CB3434620D','Пожелания и предложения',NULL),(613,'subTheme','SUBTHEME_55_7E9E2D93DFFD56C475BB25E7BB598CBB','Коррекция по бинару',NULL),(614,'subTheme','SUBTHEME_56_E2513AFDE4A9981AAA7890B3A1457E9C','Коррекция Наставника',NULL),(615,'subTheme','SUBTHEME_57_EAA990AA1B2629923DB23E315BDE0C99','Коррекция бинарного статуса',NULL),(616,'subTheme','SUBTHEME_58_F8BC8B62D5DADE7DA066F2DD07765EE8','Прочие вопросы',NULL),(617,'subTheme','SUBTHEME_59_07B4EDA8D932575E7F7E56CB3434620D','Пожелания и предложения',NULL),(618,'subTheme','SUBTHEME_60_A6810FEA76284D6494EA422DFAE97CC8','Уточнение деталей',NULL),(619,'subTheme','SUBTHEME_61_FBB52AD80FD97B517F79C5B946EC5E31','Уведомление о системной ошибке',NULL),(620,'subTheme','SUBTHEME_62_F8BC8B62D5DADE7DA066F2DD07765EE8','Прочие вопросы',NULL),(621,'subTheme','SUBTHEME_63_07B4EDA8D932575E7F7E56CB3434620D','Пожелания и предложения',NULL),(622,'subTheme','SUBTHEME_64_3C61D1470B492FFCECEBE2CF8E6C948F','Вопросы по сайту',NULL),(623,'subTheme','SUBTHEME_65_199A56FEF8C7D70D578FAA242FFA6AA1','Открытие Центра Обслуживания',NULL),(624,'subTheme','SUBTHEME_66_050694496D719EBAD44300F5683D3941','Международные Рынки',NULL),(625,'subTheme','SUBTHEME_67_B6962C18214394E4BEDD2DC81BA0081E','Этический кодекс',NULL),(626,'subTheme','SUBTHEME_68_07B4EDA8D932575E7F7E56CB3434620D','Пожелания и предложения',NULL),(627,'subTheme','SUBTHEME_69_F8BC8B62D5DADE7DA066F2DD07765EE8','Прочие вопросы',NULL),(628,'subTheme','SUBTHEME_70_B9BFE426FDDEAE2ECDEDAC232B427FC2','Поиск Информации',NULL),(629,'subTheme','SUBTHEME_71_07B4EDA8D932575E7F7E56CB3434620D','Пожелания и предложения',NULL),(630,'subTheme','SUBTHEME_72_F8BC8B62D5DADE7DA066F2DD07765EE8','Прочие вопросы',NULL),(631,'subTheme','SUBTHEME_73_334C4A4C42FDB79D7EBC3E73B517E6F8','none',NULL),(632,'subTheme','SUBTHEME_74_334C4A4C42FDB79D7EBC3E73B517E6F8','none',NULL),(633,'subTheme','SUBTHEME_75_334C4A4C42FDB79D7EBC3E73B517E6F8','none',NULL),(634,'subTheme','SUBTHEME_76_B440CFFCDD2243DDF21B4DA9226B3C2D','Открыть продукты на ЦО',NULL),(635,'subTheme','SUBTHEME_77_3944474FAB8B17E72C97D2150D2346EA','Закрыть продукты на ЦО',NULL),(636,'subTheme','SUBTHEME_78_207783C3D5510BD80B1FDA69D713D8AA','Контроль качества',NULL),(637,'subTheme','SUBTHEME_79_EB91DDE247974F6A6F78818C95205BEA','Информация О Продукте',NULL),(638,'subTheme','SUBTHEME_80_F8BC8B62D5DADE7DA066F2DD07765EE8','Прочие вопросы',NULL),(639,'subTheme','SUBTHEME_81_07B4EDA8D932575E7F7E56CB3434620D','Пожелания и предложения',NULL),(640,'subTheme','SUBTHEME_82_A5F9CE59BA2E586277E3645E190D713A','Выставление счёта',NULL),(641,'subTheme','SUBTHEME_83_729FB5D9F26E87A96E99BE17D41B04B7','Акты',NULL),(642,'subTheme','SUBTHEME_84_E3A3C202479F1D3D7EDF62A802DCAAC5','Выплата дохода',NULL),(643,'subTheme','SUBTHEME_85_EA254D3FB68C7987A204CED262F33B88','Начисление дохода',NULL),(644,'subTheme','SUBTHEME_86_07B4EDA8D932575E7F7E56CB3434620D','Пожелания и предложения',NULL),(645,'subTheme','SUBTHEME_87_F8BC8B62D5DADE7DA066F2DD07765EE8','Прочие вопросы',NULL),(646,'subTheme','SUBTHEME_88_BCB9C662ED6C0C65D1ADC3B7794054A6','Наличие продукции',NULL),(647,'subTheme','SUBTHEME_89_3E55D53DAB70553CAAF97C23F12ADC06','Пересорт',NULL),(648,'subTheme','SUBTHEME_90_F8BC8B62D5DADE7DA066F2DD07765EE8','Прочие вопросы',NULL),(649,'subTheme','SUBTHEME_91_07B4EDA8D932575E7F7E56CB3434620D','Пожелания и предложения',NULL),(650,'subTheme','SUBTHEME_92_1FC40A56677DDEE106F3DAA3F6E603C4','Изменение состава заказа',NULL),(651,'subTheme','SUBTHEME_93_174F77C419886A40E05EB447611B8DAC','Списание',NULL),(652,'subTheme','SUBTHEME_94_F8BC8B62D5DADE7DA066F2DD07765EE8','Прочие вопросы',NULL),(653,'subTheme','SUBTHEME_95_54F1D2E108438841C2141DBC163A607A','Акт сверки',NULL),(654,'subTheme','SUBTHEME_96_F6A0B2344B548F730AE64268BCED3E21','Инвентаризация',NULL),(655,'subTheme','SUBTHEME_97_E973CF1629F2C446657E8A7931A246AC','Договор',NULL),(656,'subTheme','SUBTHEME_98_75768C49C24662CC4465237B0731E1CE','Контакты',NULL),(657,'subTheme','SUBTHEME_99_ABDBFF2BC10EACE1E5220594825D7D39','Товарные лимиты',NULL),(658,'subTheme','SUBTHEME_100_F8BC8B62D5DADE7DA066F2DD07765EE8','Прочие вопросы',NULL),(659,'subTheme','SUBTHEME_101_07B4EDA8D932575E7F7E56CB3434620D','Пожелания и предложения',NULL),(660,'subTheme','SUBTHEME_102_334C4A4C42FDB79D7EBC3E73B517E6F8','none',NULL),(661,'subTheme','SUBTHEME_103_334C4A4C42FDB79D7EBC3E73B517E6F8','none',NULL),(662,'theme','THEME_1_1BDF82291F0177E17B4FB494030DA367','WRT Токены',NULL),(663,'theme','THEME_2_A18DC92E288BA79E2640604DEAF73C17','Платформа D-INVEST',NULL),(664,'theme','THEME_3_BE8570CC6D6814EEBC087695B7B27C31','Личные данные',NULL),(665,'theme','THEME_4_1136F5FD31A4F02D44C34C01906D43E1','Бонусные вознаграждения',NULL),(666,'theme','THEME_5_30509FBA7ED932EC8DF0831CDC55E838','Вопросы по продукции',NULL),(667,'theme','THEME_6_3A8B47DA8C380B287B267BAB624B3746','Доставка заказа (отправленный)',NULL),(668,'theme','THEME_7_D31DC9D0FA957A1445E06568EE977CFE','Изменение заказа (не отправленный)',NULL),(669,'theme','THEME_8_24B1C2E46A81E8BA2DBEC4F3BDC39153','Акции',NULL),(670,'theme','THEME_9_566B72E8396CD3E021A36461D94AFEC9','Признания достижений',NULL),(671,'theme','THEME_10_7817FD57C7102865F289C10816495C17','Ошибка в структуре',NULL),(672,'theme','THEME_11_214F40BE9F508CA344A8AA5A112851B9','Маркетинг план',NULL),(673,'theme','THEME_12_5C0A30603013CA9F0A9AA13264D84DD7','Вопросы по ведению бизнеса',NULL),(674,'theme','THEME_13_F3A1D077FB6FF7D91C31655A72C234EC','Общие вопросы о компании',NULL),(675,'theme','THEME_14_A503A8D226AC3E22794FF6E6C4A2D2D6','Прочие вопросы и предложения',NULL),(676,'theme','THEME_15_199A56FEF8C7D70D578FAA242FFA6AA1','Открытие Центра Обслуживания',NULL),(677,'theme','THEME_16_0FC3A213F8108339321E72D3CF87F906','Оформление офиса',NULL),(678,'theme','THEME_17_D9C36C061163728C9243AA92B4922413','Продукты',NULL),(679,'theme','THEME_18_61586B5D676A39E643DD9479E22FD553','Финансы',NULL),(680,'theme','THEME_19_CE6E02DE5F36779E3A42BD0E5B85E9D5','Поставка',NULL),(681,'theme','THEME_20_6871101C35D0AB95327747E0AE5CEA9B','Корректировка остатков',NULL),(682,'theme','THEME_21_F87781F8C268C152F4E8E22F2CECAEBD','Изменение данных',NULL),(683,'theme','THEME_22_FAA3A647F27CFC97B701C8656524832C','Закрытие офиса',NULL),(684,'theme','THEME_23_A503A8D226AC3E22794FF6E6C4A2D2D6','Прочие вопросы и предложения',NULL),(685,'unit','UNIT_1_D73855F5BA8F4D692FADB2256CAEDE9A','Партнерам/Клиентам',NULL),(686,'unit','UNIT_2_8A54FC17B69E4CE4130F7FB41EEE2A78','Держателям офиса',NULL),(697,'department','DEPARTMENT_7B5B98D81AE274A4C7B47BA4F517C9DA','Логистика',NULL),(698,'department','DEPARTMENT_E377DD438162B6955031C5D5EB2EDC93','Оперативная поддержка',NULL),(699,'department','DEPARTMENT_2A7E288EFBE8C0684FA1598B1FBA5E80','Поддержка ЦО',NULL),(700,'department','DEPARTMENT_F71EA48A674C8D17806F30E2DC124D3E','WRT специалист',NULL),(701,'department','DEPARTMENT_1F7384698BA554639E9CA716935FE59C','Вершинин',NULL),(702,'jobTitle','JOBTITLE_2B93BB9159954153F8BD5BA145109EB1','Администратор',NULL),(703,'jobTitle','JOBTITLE_E13FAE7325DE1BC11F23B89CF01ECB48','Куратор',NULL),(704,'jobTitle','JOBTITLE_F1C7B1095C02C4E49DAC8C29CBA40F51','Руководитель',NULL),(709,'country','COUNTRY_1ED1C408A4AC822B728A2077A1D9935C','Россия',NULL),(710,'country','COUNTRY_A80F2FE8DAB857900282F9FB30913159','Африка',NULL),(711,'country','COUNTRY_B0FE45C67757497FA72CF9D608DABAF5','Польша',NULL),(712,'country','COUNTRY_D0950F2EEB9A7C307C309DD78A5BD304','Китай',NULL),(713,'country','COUNTRY_6646A19C1346A88DD9F0CA6964184BAE','Япония',NULL);
/*!40000 ALTER TABLE `translations` ENABLE KEYS */;
UNLOCK TABLES;

--
-- Table structure for table `units`
--

DROP TABLE IF EXISTS `units`;
/*!40101 SET @saved_cs_client     = @@character_set_client */;
/*!50503 SET character_set_client = utf8mb4 */;
CREATE TABLE `units` (
  `id` int NOT NULL AUTO_INCREMENT,
  `nameCode` varchar(512) NOT NULL,
  PRIMARY KEY (`id`),
  KEY `UnitToTranslation_idx` (`nameCode`),
  CONSTRAINT `UnitToTranslation` FOREIGN KEY (`nameCode`) REFERENCES `translations` (`code`) ON UPDATE CASCADE
) ENGINE=InnoDB AUTO_INCREMENT=3 DEFAULT CHARSET=utf8mb4 COLLATE=utf8mb4_0900_ai_ci;
/*!40101 SET character_set_client = @saved_cs_client */;

--
-- Dumping data for table `units`
--

LOCK TABLES `units` WRITE;
/*!40000 ALTER TABLE `units` DISABLE KEYS */;
INSERT INTO `units` VALUES (1,'UNIT_1_D73855F5BA8F4D692FADB2256CAEDE9A'),(2,'UNIT_2_8A54FC17B69E4CE4130F7FB41EEE2A78');
/*!40000 ALTER TABLE `units` ENABLE KEYS */;
UNLOCK TABLES;

--
-- Table structure for table `users`
--

DROP TABLE IF EXISTS `users`;
/*!40101 SET @saved_cs_client     = @@character_set_client */;
/*!50503 SET character_set_client = utf8mb4 */;
CREATE TABLE `users` (
  `id` int NOT NULL AUTO_INCREMENT,
  `fullName` varchar(255) NOT NULL,
  `role` varchar(255) NOT NULL,
  `countryId` int NOT NULL,
  `phone` varchar(45) DEFAULT NULL,
  `login` varchar(255) DEFAULT NULL,
  `password` varchar(512) DEFAULT NULL,
  `token` varchar(512) DEFAULT NULL,
  PRIMARY KEY (`id`),
  UNIQUE KEY `login_UNIQUE` (`login`)
) ENGINE=InnoDB AUTO_INCREMENT=47 DEFAULT CHARSET=utf8mb4 COLLATE=utf8mb4_0900_ai_ci;
/*!40101 SET character_set_client = @saved_cs_client */;

--
-- Dumping data for table `users`
--

LOCK TABLES `users` WRITE;
/*!40000 ALTER TABLE `users` DISABLE KEYS */;
INSERT INTO `users` VALUES (0,'system','system',1,'','admin','complexPass',NULL),(1,'sanya','client',1,'797866786',NULL,NULL,NULL),(2,'misha','helper',2,'387654678645','misha','beats',NULL),(3,'lesha','helper',3,'543345672132','lesha','beats',NULL),(4,'kostya','client',4,'456575675',NULL,NULL,NULL),(5,'nikita','helper',5,'98728749384','nikita','crown',NULL),(46,'test testich','client',1,'79999999','test','$2b$10$GgnULXdvdLkH1c3qFTIGCePrwBbovZ2fCNR1/74yzDfwRzHpsV0sG','eyJhbGciOiJIUzI1NiIsInR5cCI6IkpXVCJ9.eyJpZCI6NDYsImlhdCI6MTcwMDY0Njk4MywiZXhwIjoxNzAwNjc1NzgzfQ.hxURuBI5xPUhL1zjJgaPihIVVsgQ4PscPvBa6q-bKDE');
/*!40000 ALTER TABLE `users` ENABLE KEYS */;
UNLOCK TABLES;
/*!40103 SET TIME_ZONE=@OLD_TIME_ZONE */;

/*!40101 SET SQL_MODE=@OLD_SQL_MODE */;
/*!40014 SET FOREIGN_KEY_CHECKS=@OLD_FOREIGN_KEY_CHECKS */;
/*!40014 SET UNIQUE_CHECKS=@OLD_UNIQUE_CHECKS */;
/*!40101 SET CHARACTER_SET_CLIENT=@OLD_CHARACTER_SET_CLIENT */;
/*!40101 SET CHARACTER_SET_RESULTS=@OLD_CHARACTER_SET_RESULTS */;
/*!40101 SET COLLATION_CONNECTION=@OLD_COLLATION_CONNECTION */;
/*!40111 SET SQL_NOTES=@OLD_SQL_NOTES */;

-- Dump completed on 2023-12-01 12:40:27
